id,name,read,pattern,sequence,feature_type
Annexin_V,Annexin_V_A0025,R2,^(BC),GCAGCGTATAAGTCA,Antibody Capture
Biotin,Biotin_A0436,R2,^(BC),CGGTATATCAACAGA,Antibody Capture
CD230,CD230_A0432,R2,^(BC),CAGGTCCCTTATTTC,Antibody Capture
Dopamine_Receptor_D4,Dopamine_Receptor_D4_A0434,R2,^(BC),TCTCTGCACCGCTTT,Antibody Capture
GABRB3,GABRB3_A0435,R2,^(BC),GGTGTGAGCAGTTCT,Antibody Capture
IRF5,IRF5_A0221,R2,^(BC),GGTAGCCCTAGAGTA,Antibody Capture
rat_IgG2a,rat_IgG2a_A0239,R2,^(BC),CATTAACAGCGCCAA,Antibody Capture
RORγ,RORγ_A0223,R2,^(BC),TTCCCTACGCCGAAT,Antibody Capture
TMEM119,TMEM119_A0445,R2,^(BC),TCGAACATTTCCAGG,Antibody Capture
Armenian_Hamster_IgG_Isotype_Ctrl,Armenian_Hamster_IgG_Isotype_Ctrl_A0241,R2,^(BC),CCTGTCATTAAGACT,Antibody Capture
B7-H4,B7-H4_A0395,R2,^(BC),TGTATGTCTGCCTTG,Antibody Capture
C5L2,C5L2_A0572,R2,^(BC),ACAATTTGTCTGCGA,Antibody Capture
Cadherin_11,Cadherin_11_A0131,R2,^(BC),CGTTGCCATTAACCA,Antibody Capture
CD10,CD10_A0062,R2,^(BC),CAGCCATTCATTAGG,Antibody Capture
CD102,CD102_A0104,R2,^(BC),GATATTCAGTGCGAC,Antibody Capture
CD102,CD102_A0244,R2,^(BC),TGACCTTCCTCTCCT,Antibody Capture
CD103,CD103_A0201,R2,^(BC),TTCATTAGCCCGCTG,Antibody Capture
CD103,CD103_A0145,R2,^(BC),GACCTCATTGTGAAT,Antibody Capture
CD105,CD105_A0068,R2,^(BC),ATCGTCGAGAGCTAG,Antibody Capture
CD106,CD106_A0226,R2,^(BC),CGTTCCTACCTACCT,Antibody Capture
CD106,CD106_A0245,R2,^(BC),TCACAGTTCCTTGGA,Antibody Capture
CD107a,CD107a_A0155,R2,^(BC),CAGCCCACTGCAATA,Antibody Capture
CD110,CD110_A0598,R2,^(BC),TGTTGTAAGATGCCA,Antibody Capture
CD112,CD112_A0024,R2,^(BC),AACCTTCCGTCTAAG,Antibody Capture
CD115,CD115_A0105,R2,^(BC),TTCCGTTGTTGTGAG,Antibody Capture
CD115,CD115_A0398,R2,^(BC),AATCACGGTCCTTGT,Antibody Capture
CD117,CD117_A0012,R2,^(BC),TGCATGTCATCGGTG,Antibody Capture
CD117,CD117_A0061,R2,^(BC),AGACTAATAGCTGAC,Antibody Capture
CD119,CD119_A0219,R2,^(BC),TGTGTATTCCCTTGT,Antibody Capture
CD11a,CD11a_A0185,R2,^(BC),TATATCCTTGTGAGC,Antibody Capture
CD11a,CD11a_A0595,R2,^(BC),AGAGTCTCCCTTTAG,Antibody Capture
CD11b,CD11b_A0014,R2,^(BC),TGAAGGCTCATTTGT,Antibody Capture
CD11b,CD11b_A0161,R2,^(BC),GACAAGTGATCTGCA,Antibody Capture
CD11c,CD11c_A0053,R2,^(BC),TACGCCTATAACTTG,Antibody Capture
CD11c,CD11c_A0106,R2,^(BC),GTTATGGACGCTTGC,Antibody Capture
CD122,CD122_A0227,R2,^(BC),GGTATGCGACACTTA,Antibody Capture
CD122,CD122_A0246,R2,^(BC),TCATTTCCTCCGATT,Antibody Capture
CD123,CD123_A0064,R2,^(BC),CTTCACTCTGTCAGG,Antibody Capture
CD124,CD124_A0363,R2,^(BC),CCGTCCTGATAGATG,Antibody Capture
CD127,CD127_A0198,R2,^(BC),GTGTGAGGCACTCTT,Antibody Capture
CD127,CD127_A0390,R2,^(BC),GTGTGTTGTCCTATG,Antibody Capture
CD13,CD13_A0364,R2,^(BC),TTTCAACGCCCTTTC,Antibody Capture
CD133,CD133_A0126,R2,^(BC),TGGTAACGACAGTCC,Antibody Capture
CD133,CD133_A0594,R2,^(BC),GTAAGACGCCTATGC,Antibody Capture
CD134,CD134_A0158,R2,^(BC),AACCCACCGTTGTTA,Antibody Capture
CD134,CD134_A0195,R2,^(BC),CTCACCTACCTATGG,Antibody Capture
CD135,CD135_A0098,R2,^(BC),GTAGCAAGATTCAAG,Antibody Capture
CD135,CD135_A0351,R2,^(BC),CAGTAGATGGAGCAT,Antibody Capture
CD137,CD137_A0194,R2,^(BC),TCCCTGTATAGATGA,Antibody Capture
CD137,CD137_A0355,R2,^(BC),CAGTAAGTTCGGGAC,Antibody Capture
CD137L,CD137L_A0022,R2,^(BC),ATTCGCCTTACGCAA,Antibody Capture
CD138,CD138_A0055,R2,^(BC),ACTCTTTCGTTTACG,Antibody Capture
CD14,CD14_A0051,R2,^(BC),CAATCAGACCTATGA,Antibody Capture
CD14,CD14_A0081,R2,^(BC),TCTCAGACCTCCGTA,Antibody Capture
CD14,CD14_A0424,R2,^(BC),AACCAACAGTCACGT,Antibody Capture
CD140a,CD140a_A0573,R2,^(BC),GTCATTGCGGTCCTA,Antibody Capture
CD140a,CD140a_A0128,R2,^(BC),ATGCGCCGAGAATTA,Antibody Capture
CD140b,CD140b_A0129,R2,^(BC),CAATGGTTCACTGCC,Antibody Capture
CD141,CD141_A0163,R2,^(BC),GGATAACCGCGCTTT,Antibody Capture
CD144,CD144_A0400,R2,^(BC),TCCACTCATTCTGTA,Antibody Capture
CD146,CD146_A0134,R2,^(BC),CCTTGGATAACATCA,Antibody Capture
CD15,CD15_A0076,R2,^(BC),GCTAGTTTGTGCTGC,Antibody Capture
CD15,CD15_A0392,R2,^(BC),TCACCAGTACCTAGT,Antibody Capture
CD150,CD150_A0203,R2,^(BC),CAACGCCTAGAAACC,Antibody Capture
CD152,CD152_A0388,R2,^(BC),AGTGTTTGTCCTGGT,Antibody Capture
CD152,CD152_A0151,R2,^(BC),ATGGTTCACGTAATC,Antibody Capture
CD154,CD154_A0032,R2,^(BC),GCTAGATAGATGCAA,Antibody Capture
CD155,CD155_A0023,R2,^(BC),ATCACATCGTTGCCA,Antibody Capture
CD158,CD158_A0420,R2,^(BC),TATCAACCAACGCTT,Antibody Capture
CD158b,CD158b_A0592,R2,^(BC),GACCCGTAGTTTGAT,Antibody Capture
CD158e1,CD158e1_A0599,R2,^(BC),GGACGCTTTCCTTGA,Antibody Capture
CD158f,CD158f_A0600,R2,^(BC),AAAGTGATGCCACTG,Antibody Capture
CD16,CD16_A0083,R2,^(BC),AAGTTCACTCTTTGC,Antibody Capture
CD16_32,CD16_32_A0109,R2,^(BC),TTCGATGCTGGAGCA,Antibody Capture
CD161,CD161_A0149,R2,^(BC),GTACGCAGTCCTTCT,Antibody Capture
CD163,CD163_A0358,R2,^(BC),GCTTCTCCTTCCTTA,Antibody Capture
CD163,CD163_A0417,R2,^(BC),GAGCAAGATTAAGAC,Antibody Capture
CD169,CD169_A0206,R2,^(BC),TACTCAGCGTGTTTG,Antibody Capture
CD169_Siglec-1,CD169_Siglec-1_A0440,R2,^(BC),ATTGACGACAGTCAT,Antibody Capture
CD171,CD171_A0430,R2,^(BC),GATGGACGACAATTC,Antibody Capture
CD172a,CD172a_A0408,R2,^(BC),CGTGTTTAACTTGAG,Antibody Capture
CD172a,CD172a_A0422,R2,^(BC),GATTCCCTTGTAGCA,Antibody Capture
CD177,CD177_A0382,R2,^(BC),AGTATGGAGCCATAT,Antibody Capture
CD178,CD178_A0177,R2,^(BC),CCGGTCCTCTGTATT,Antibody Capture
CD18,CD18_A0385,R2,^(BC),TATTGGGACACTTCT,Antibody Capture
CD183,CD183_A0140,R2,^(BC),GCGATGGTAGATTAT,Antibody Capture
CD183,CD183_A0228,R2,^(BC),GTTCACGCCGTGTTA,Antibody Capture
CD184,CD184_A0366,R2,^(BC),TCAGGTCCTTTCAAC,Antibody Capture
CD185,CD185_A0144,R2,^(BC),AATTCAACCGTCGCC,Antibody Capture
CD186,CD186_A0804,R2,^(BC),GACAGTCGATGCAAC,Antibody Capture
CD19,CD19_A0050,R2,^(BC),CTGGGCAATTACTCG,Antibody Capture
CD19,CD19_A0093,R2,^(BC),ATCAGCCATGTCAGT,Antibody Capture
CD192,CD192_A0242,R2,^(BC),GAGTTCCCTTACCTG,Antibody Capture
CD192,CD192_A0426,R2,^(BC),AGTGCGATCTGCAAC,Antibody Capture
CD193,CD193_A0397,R2,^(BC),ACCAATCCTTTCGTC,Antibody Capture
CD194,CD194_A0071,R2,^(BC),AGCTTACCTGCACGA,Antibody Capture
CD195,CD195_A0141,R2,^(BC),CCAAAGTAAGAGCCA,Antibody Capture
CD195,CD195_A0376,R2,^(BC),ACCAGTTGTCATTAC,Antibody Capture
CD196,CD196_A0143,R2,^(BC),GATCCCTTTGTCACT,Antibody Capture
CD196,CD196_A0225,R2,^(BC),CTCTCTGCATTCCTC,Antibody Capture
CD197,CD197_A0148,R2,^(BC),AGTTCAGTCAACCGA,Antibody Capture
CD197,CD197_A0377,R2,^(BC),TTATTAACAGCCCAC,Antibody Capture
CD1a,CD1a_A0402,R2,^(BC),GATCGTGTTGTGTTA,Antibody Capture
CD1c,CD1c_A0160,R2,^(BC),GAGCTACTTCACTCG,Antibody Capture
CD1d,CD1d_A0164,R2,^(BC),TCGAGTCGCTTATCA,Antibody Capture
CD2,CD2_A0367,R2,^(BC),TACGATTTGTCAGGG,Antibody Capture
CD20,CD20_A0100,R2,^(BC),TTCTGGGTCCCTAGA,Antibody Capture
CD20,CD20_A0192,R2,^(BC),TCCACTCCCTGTATA,Antibody Capture
CD200,CD200_A0079,R2,^(BC),TCAATTCCGGTAGTC,Antibody Capture
CD200,CD200_A0447,R2,^(BC),CACGTAGACCTTTGC,Antibody Capture
CD201,CD201_A0069,R2,^(BC),GTTTCCTTGACCAAG,Antibody Capture
CD201,CD201_A0439,R2,^(BC),TATGATCTGCCCTTG,Antibody Capture
CD202b,CD202b_A0588,R2,^(BC),CGATCCCTTACCTAT,Antibody Capture
CD204,CD204_A0399,R2,^(BC),TAGCGAGCCAGATGT,Antibody Capture
CD204,CD204_A0448,R2,^(BC),AGCTAGACACGTTGT,Antibody Capture
CD206,CD206_A0173,R2,^(BC),TCAACTCGGTGTTGC,Antibody Capture
CD206,CD206_A0205,R2,^(BC),TCAGAACGTCTAACT,Antibody Capture
CD207,CD207_A0437,R2,^(BC),CGATTTGTATTCCCT,Antibody Capture
CD207,CD207_A0403,R2,^(BC),CATTCTTCACGGGAT,Antibody Capture
CD209,CD209_A0597,R2,^(BC),TCACTGGACACTTAA,Antibody Capture
CD21,CD21_A0181,R2,^(BC),AACCTAGTAGTTCGG,Antibody Capture
CD21_CD35,CD21_CD35_A0107,R2,^(BC),GGATAATTTCGATCC,Antibody Capture
CD22,CD22_A0393,R2,^(BC),GGGTTGTTGTCTTTG,Antibody Capture
CD223,CD223_A0152,R2,^(BC),CATTTGTCTGCCGGT,Antibody Capture
CD223,CD223_A0378,R2,^(BC),ATTCCGTCCCTAAGG,Antibody Capture
CD226,CD226_A0368,R2,^(BC),TCTCAGTGTTTGTGG,Antibody Capture
CD226,CD226_A0805,R2,^(BC),AGACCAACTCATTCA,Antibody Capture
CD23,CD23_A0108,R2,^(BC),TCTCTTGGAAGATGA,Antibody Capture
CD235a,CD235a_A0574,R2,^(BC),AGAGTATGTATGGGA,Antibody Capture
CD235ab,CD235ab_A0196,R2,^(BC),GCTCCTTTACACGTA,Antibody Capture
CD24,CD24_A0180,R2,^(BC),AGATTCCTTCGTGTT,Antibody Capture
CD24,CD24_A0212,R2,^(BC),TATATCTTTGCCGCA,Antibody Capture
CD243,CD243_A0418,R2,^(BC),TGACCCGACCTTTAG,Antibody Capture
CD244,CD244_A0189,R2,^(BC),TCGCTTGGATGGTAG,Antibody Capture
CD25,CD25_A0085,R2,^(BC),TTTGTCCTGTACGCC,Antibody Capture
CD25,CD25_A0097,R2,^(BC),ACCATGAGACACAGT,Antibody Capture
CD252,CD252_A0021,R2,^(BC),TTTAGTGATCCGACT,Antibody Capture
CD253,CD253_A0803,R2,^(BC),GCCATTCCTGCCTAA,Antibody Capture
CD254,CD254_A0356,R2,^(BC),TCCGTGTTAGTTTGT,Antibody Capture
CD26,CD26_A0396,R2,^(BC),GGTGGCTAGATAATG,Antibody Capture
CD267,CD267_A0247,R2,^(BC),AGTGATGGAGCGAAC,Antibody Capture
CD268,CD268_A0215,R2,^(BC),CGAAGTCGATCCGTA,Antibody Capture
CD269,CD269_A0056,R2,^(BC),CAGATGATCCACCAT,Antibody Capture
CD27,CD27_A0154,R2,^(BC),GCACTCCTGCATGTA,Antibody Capture
CD27,CD27_A0191,R2,^(BC),CAAGGTATGTCACTG,Antibody Capture
CD270,CD270_A0020,R2,^(BC),TGATAGAAACAGACC,Antibody Capture
CD272,CD272_A0170,R2,^(BC),GTTATTGGACTAAGG,Antibody Capture
CD273,CD273_A0008,R2,^(BC),TCAACGCTTGGCTAG,Antibody Capture
CD274,CD274_A0007,R2,^(BC),GTTGTCCGACAATAC,Antibody Capture
CD274,CD274_A0190,R2,^(BC),TCGATTCCACCAACT,Antibody Capture
CD275,CD275_A0172,R2,^(BC),GTTAGTGTTAGCTTG,Antibody Capture
CD275,CD275_A0009,R2,^(BC),GTGCATTCAACAGTA,Antibody Capture
CD276,CD276_A0010,R2,^(BC),GACTGGGAGGGTATT,Antibody Capture
CD277,CD277_A0030,R2,^(BC),TACTTCTGGAGCCAG,Antibody Capture
CD278,CD278_A0171,R2,^(BC),CGCGCACCCATTAAA,Antibody Capture
CD279,CD279_A0004,R2,^(BC),GAAAGTCAAAGCACT,Antibody Capture
CD279,CD279_A0088,R2,^(BC),ACAGCGCCGTATTTA,Antibody Capture
CD28,CD28_A0204,R2,^(BC),ATTAAGAGCGTGTTG,Antibody Capture
CD28,CD28_A0386,R2,^(BC),TGAGAACGACCCTAA,Antibody Capture
CD284,CD284_A0405,R2,^(BC),GCTTAGCTGTATCCG,Antibody Capture
CD29,CD29_A0369,R2,^(BC),GTATTCCCTCAGTCA,Antibody Capture
CD29,CD29_A0570,R2,^(BC),ACGCATTCCTTGTGT,Antibody Capture
CD294,CD294_A0102,R2,^(BC),TGTTTACGAGAGCCC,Antibody Capture
CD3,CD3_A0034,R2,^(BC),CTCATTGTAACTCCT,Antibody Capture
CD3,CD3_A0049,R2,^(BC),TATCCCTTGGGATGG,Antibody Capture
CD3,CD3_A0182,R2,^(BC),GTATGTCCGCTCGAT,Antibody Capture
CD30,CD30_A0028,R2,^(BC),TCAGGGTGTGCTGTA,Antibody Capture
CD300LG,CD300LG_A0416,R2,^(BC),CGGTCCGTATCATTT,Antibody Capture
CD301,CD301_A0401,R2,^(BC),ACCTAGAAATCAGCA,Antibody Capture
CD301a,CD301a_A0551,R2,^(BC),TGTATTTACTCACCG,Antibody Capture
CD301b,CD301b_A0566,R2,^(BC),CTTGCCTTGCGATTT,Antibody Capture
CD303,CD303_A0370,R2,^(BC),GAGATGTCCGAATTT,Antibody Capture
CD304,CD304_A0406,R2,^(BC),GGACTAAGTTTCGTT,Antibody Capture
CD304,CD304_A0552,R2,^(BC),CCAGCTCATTCAACG,Antibody Capture
CD305,CD305_A0590,R2,^(BC),ATTTCCATTCCCTGT,Antibody Capture
CD309,CD309_A0362,R2,^(BC),TTCACGCAGTAAGAT,Antibody Capture
CD309,CD309_A0553,R2,^(BC),ATAAGAGCCCACCAT,Antibody Capture
CD309,CD309_A0554,R2,^(BC),AGTTGTCCTGTACGA,Antibody Capture
CD31,CD31_A0124,R2,^(BC),ACCTTTATGCCACGG,Antibody Capture
CD314,CD314_A0165,R2,^(BC),CGTGTTTGTTCCTCA,Antibody Capture
CD32,CD32_A0142,R2,^(BC),GCTTCCGAATTACCG,Antibody Capture
CD324,CD324_A0135,R2,^(BC),ATCCTTCTCCCTTTC,Antibody Capture
CD325,CD325_A0433,R2,^(BC),CCTTCCCTTTCCTCT,Antibody Capture
CD326,CD326_A0123,R2,^(BC),TTCCGAGCAAGTATC,Antibody Capture
CD326,CD326_A0449,R2,^(BC),ACCCGCGTTAGTATG,Antibody Capture
CD33,CD33_A0052,R2,^(BC),TAACTCAGGGCCTAT,Antibody Capture
CD335,CD335_A0101,R2,^(BC),ACAATTTGAACAGCG,Antibody Capture
CD335,CD335_A0184,R2,^(BC),CCCTTTCACCTCGAA,Antibody Capture
CD336,CD336_A0802,R2,^(BC),GGGCAATTAGCGAGT,Antibody Capture
CD337,CD337_A0801,R2,^(BC),AAAGTCACTCTGCCG,Antibody Capture
CD338,CD338_A0569,R2,^(BC),TAAGACTTGGCCGTC,Antibody Capture
CD34,CD34_A0054,R2,^(BC),GCAGAAATCTCCCTT,Antibody Capture
CD340,CD340_A0133,R2,^(BC),CTGTAGCCGCCTATT,Antibody Capture
CD35,CD35_A0167,R2,^(BC),ACTTCCGTCGATCTT,Antibody Capture
CD354,CD354_A0586,R2,^(BC),TAGCCGTTTCCTTTG,Antibody Capture
CD357,CD357_A0193,R2,^(BC),GGCACTCTGTAACAT,Antibody Capture
CD357,CD357_A0360,R2,^(BC),ACCTTTCGACACTCG,Antibody Capture
CD36,CD36_A0407,R2,^(BC),TTCTTTGCCTTGCCA,Antibody Capture
CD36,CD36_A0555,R2,^(BC),TTTGCCGCTACGACA,Antibody Capture
CD366,CD366_A0003,R2,^(BC),ATTGGCACTCAGATG,Antibody Capture
CD366,CD366_A0169,R2,^(BC),TGTCCTACCCAACTT,Antibody Capture
CD370,CD370_A0556,R2,^(BC),AACTCAGTTGTGCCG,Antibody Capture
CD370,CD370_A0207,R2,^(BC),CTGCATTTCAGTAAG,Antibody Capture
CD38,CD38_A0389,R2,^(BC),TGTACCCGCTTGTGA,Antibody Capture
CD38,CD38_A0410,R2,^(BC),CCTATTCCGATTCCG,Antibody Capture
CD38,CD38_A0557,R2,^(BC),CGTATCCGTCTCCTA,Antibody Capture
CD39,CD39_A0176,R2,^(BC),TTACCTGGTATCCGT,Antibody Capture
CD3ε,CD3ε_A0094,R2,^(BC),TAATGCCAGTTGTGC,Antibody Capture
CD4,CD4_A0001,R2,^(BC),AACAAGACCCTTGAG,Antibody Capture
CD4,CD4_A0045,R2,^(BC),GAGGTTAGTGATGGA,Antibody Capture
CD4,CD4_A0072,R2,^(BC),TGTTCCCGCTCAACT,Antibody Capture
CD40,CD40_A0031,R2,^(BC),CTCAGATGGAGTATG,Antibody Capture
CD41,CD41_A0353,R2,^(BC),ACGTTGTGGCCTTGT,Antibody Capture
CD41,CD41_A0443,R2,^(BC),ACTTGGATGGACACT,Antibody Capture
CD42b,CD42b_A0216,R2,^(BC),TCCTAGTACCGAAGT,Antibody Capture
CD43,CD43_A0110,R2,^(BC),TTGGAGGGTTGTGCT,Antibody Capture
CD43,CD43_A0357,R2,^(BC),GATTAACCAGCTCAT,Antibody Capture
CD44,CD44_A0073,R2,^(BC),TGGCTTCAGGTCCTA,Antibody Capture
CD44,CD44_A0125,R2,^(BC),AATCCTTCCGAATGT,Antibody Capture
CD45,CD45_A0048,R2,^(BC),TCCCTTGCGATTTAC,Antibody Capture
CD45,CD45_A0096,R2,^(BC),TGGCTATGGAGCAGA,Antibody Capture
CD45,CD45_A0391,R2,^(BC),TGCAATTACCCGGAT,Antibody Capture
CD45.1,CD45.1_A0178,R2,^(BC),CCTATGGACTTGGAC,Antibody Capture
CD45.2,CD45.2_A0157,R2,^(BC),CACCGTCATTCAACC,Antibody Capture
CD45R_B220,CD45R_B220_A0103,R2,^(BC),CCTACACCTCATAAT,Antibody Capture
CD45RA,CD45RA_A0063,R2,^(BC),TCAATCCTTCCGCTT,Antibody Capture
CD45RO,CD45RO_A0087,R2,^(BC),CTCCGAATCATGTTG,Antibody Capture
CD47,CD47_A0026,R2,^(BC),GCATTCTGTCACCTA,Antibody Capture
CD48,CD48_A0029,R2,^(BC),CTACGACGTAGAAGA,Antibody Capture
CD48,CD48_A0429,R2,^(BC),AGAACCGCCGTAGTT,Antibody Capture
CD49a,CD49a_A0575,R2,^(BC),ACTGATGGACTCAGA,Antibody Capture
CD49b,CD49b_A0371,R2,^(BC),GCTTTCTTCAGTATG,Antibody Capture
CD49b,CD49b_A0421,R2,^(BC),CGCGTTAGTAGAGTC,Antibody Capture
CD49d,CD49d_A0078,R2,^(BC),CGCTTGGACGCTTAA,Antibody Capture
CD49d,CD49d_A0576,R2,^(BC),CCATTCAACTTCCGG,Antibody Capture
CD49f,CD49f_A0070,R2,^(BC),TTCCGAGGATGATCT,Antibody Capture
CD5,CD5_A0111,R2,^(BC),CAGCTCAGTGTGTTG,Antibody Capture
CD5,CD5_A0138,R2,^(BC),CATTAACGGGATGCC,Antibody Capture
CD52,CD52_A0033,R2,^(BC),CTTTGTACGAGCAAA,Antibody Capture
CD54,CD54_A0074,R2,^(BC),ATAACCGACACAGTG,Antibody Capture
CD54,CD54_A0217,R2,^(BC),CTGATAGACTTGAGT,Antibody Capture
CD55,CD55_A0383,R2,^(BC),GCTCATTACCCATTA,Antibody Capture
CD55,CD55_A0558,R2,^(BC),ATTGTTGTCAGACCA,Antibody Capture
CD56,CD56_A0047,R2,^(BC),TCCTTTCCTGATAGG,Antibody Capture
CD56Recombinant,CD56Recombinant_A0084,R2,^(BC),TTCGCCGCATTGAGT,Antibody Capture
CD57_Recombinant,CD57_Recombinant_A0168,R2,^(BC),AACTCCCTATGGAGG,Antibody Capture
CD58,CD58_A0174,R2,^(BC),GTTCCTATGGACGAC,Antibody Capture
CD59,CD59_A0361,R2,^(BC),AATTAGCCGTCGAGA,Antibody Capture
CD61,CD61_A0372,R2,^(BC),AGGTTGGAGTAGACT,Antibody Capture
CD62E,CD62E_A0248,R2,^(BC),CTCCCTGTGGCTTAA,Antibody Capture
CD62E,CD62E_A0379,R2,^(BC),CTCCCTTTGTAACAT,Antibody Capture
CD62L,CD62L_A0112,R2,^(BC),TGGGCCTAAGTCATC,Antibody Capture
CD62L,CD62L_A0147,R2,^(BC),GTCCCTGCAACTTGA,Antibody Capture
CD62P,CD62P_A0218,R2,^(BC),CCTTCCGTATCCCTT,Antibody Capture
CD62P,CD62P_A0229,R2,^(BC),TGTGTGCCGTAGACT,Antibody Capture
CD63,CD63_A0404,R2,^(BC),GAGATGTCTGCAACT,Antibody Capture
CD63,CD63_A0559,R2,^(BC),ATCCGACACGTATTA,Antibody Capture
CD64,CD64_A0162,R2,^(BC),AAGTATGCCCTACGA,Antibody Capture
CD64,CD64_A0202,R2,^(BC),AGCAATTAACGGGAG,Antibody Capture
CD66a_c_e,CD66a_c_e_A0188,R2,^(BC),GGGACAGTTCGTTTC,Antibody Capture
CD66b,CD66b_A0166,R2,^(BC),AGCTGTAAGTTTCGG,Antibody Capture
CD68,CD68_A0234,R2,^(BC),CGGTGTTTGTAGCAA,Antibody Capture
CD68,CD68_A0560,R2,^(BC),CTTTCTTTCACGGGA,Antibody Capture
CD69,CD69_A0146,R2,^(BC),GTCTCTTGGCTTAAA,Antibody Capture
CD69,CD69_A0197,R2,^(BC),TTGTATTCCGCCATT,Antibody Capture
CD7,CD7_A0066,R2,^(BC),TGGATTCCCGGACTT,Antibody Capture
CD70,CD70_A0027,R2,^(BC),CGCGAACATAAGAAG,Antibody Capture
CD71,CD71_A0394,R2,^(BC),CCGTGTTCCTCATTA,Antibody Capture
CD71,CD71_A0441,R2,^(BC),ACCGACCAGTAGACA,Antibody Capture
CD72,CD72_A0419,R2,^(BC),CAGTCGTGGTAGATA,Antibody Capture
CD73,CD73_A0077,R2,^(BC),ACACTTAACGTCTGG,Antibody Capture
CD73,CD73_A0577,R2,^(BC),CAGTTCCTCAGTTCG,Antibody Capture
CD79a,CD79a_A0578,R2,^(BC),CTTATCACCCGCTTT,Antibody Capture
CD79b,CD79b_A0187,R2,^(BC),ATTCTTCAACCGAAG,Antibody Capture
CD79b,CD79b_A0561,R2,^(BC),TAACTCAGTGCGAGT,Antibody Capture
CD8,CD8_A0046,R2,^(BC),GCGCAACTTGATGAT,Antibody Capture
CD80,CD80_A0005,R2,^(BC),ACGAATCAATCTGTG,Antibody Capture
CD81,CD81_A0373,R2,^(BC),GTATCCTTCCTTGGC,Antibody Capture
CD83,CD83_A0359,R2,^(BC),CCACTCATTTCCGGT,Antibody Capture
CD83,CD83_A0562,R2,^(BC),TCTCAGGCTTCCTAG,Antibody Capture
CD85g,CD85g_A0409,R2,^(BC),TGTCAGTTCCTATGA,Antibody Capture
CD86,CD86_A0006,R2,^(BC),GTCTTTGTCAGTGCA,Antibody Capture
CD86,CD86_A0200,R2,^(BC),CTGGATTTGTGTATC,Antibody Capture
CD8a,CD8a_A0002,R2,^(BC),TACCCGTAATAGCGT,Antibody Capture
CD8a,CD8a_A0080,R2,^(BC),GCTGCGCTTTCCATT,Antibody Capture
CD8b,CD8b_A0230,R2,^(BC),TTCCCTCTATGGAGC,Antibody Capture
CD9,CD9_A0579,R2,^(BC),GAGTCACCAATCTGC,Antibody Capture
CD90,CD90_A0060,R2,^(BC),GCATTGTACGATTCA,Antibody Capture
CD90.2,CD90.2_A0075,R2,^(BC),CCGATCAGCCGTTTA,Antibody Capture
CD93,CD93_A0446,R2,^(BC),GCGCTACTTCCTTGA,Antibody Capture
CD93,CD93_A0113,R2,^(BC),GGTATTTCCTGTGGT,Antibody Capture
CD95,CD95_A0156,R2,^(BC),CCAGCTCATTAGAGC,Antibody Capture
CD96,CD96_A0175,R2,^(BC),TGGCCTATAAATGGT,Antibody Capture
CD98,CD98_A0374,R2,^(BC),GCACCAACAGCCATT,Antibody Capture
CX3CR1,CX3CR1_A0179,R2,^(BC),AGTATCGTCTCTGGG,Antibody Capture
CX3CR1,CX3CR1_A0563,R2,^(BC),CACTCTCAGTCCTAT,Antibody Capture
CXCR4,CXCR4_A0444,R2,^(BC),GTCGTGGTGTTGTTC,Antibody Capture
EGFR,EGFR_A0132,R2,^(BC),GCTTAACATTGGCAC,Antibody Capture
ESAM,ESAM_A0596,R2,^(BC),TATAGTTTCCGCCGT,Antibody Capture
F4_80,F4_80_A0114,R2,^(BC),TTAACTTCAGCCCGT,Antibody Capture
FcεRIα,FcεRIα_A0115,R2,^(BC),AGTCACCTCGAAGCT,Antibody Capture
FcεRIα,FcεRIα_A0352,R2,^(BC),CTCGTTTCCGTATCG,Antibody Capture
Folate_Receptor_β,Folate_Receptor_β_A0427,R2,^(BC),TGTGGCTAGTCAGTT,Antibody Capture
Folate_Receptor_β,Folate_Receptor_β_A0564,R2,^(BC),CTCAGATGCCCTTTA,Antibody Capture
Galectin-9,Galectin-9_A0016,R2,^(BC),ACTCACTGGAGTCTC,Antibody Capture
H-2Kb_bound_to_SIINFEKL,H-2Kb_bound_to_SIINFEKL_A0231,R2,^(BC),CGTTTATGGGATGGG,Antibody Capture
HLA-A_B_C,HLA-A_B_C_A0058,R2,^(BC),TATGCGAGGCTTATC,Antibody Capture
HLA-DR,HLA-DR_A0159,R2,^(BC),AATAGCGAGCAAGTA,Antibody Capture
I-A_I-E,I-A_I-E_A0117,R2,^(BC),GGTCACCAGTATGAT,Antibody Capture
IgA,IgA_A0186,R2,^(BC),AAGATGTCCGAGCAA,Antibody Capture
IgD,IgD_A0384,R2,^(BC),CAGTCTCCGTAGAGT,Antibody Capture
IgD,IgD_A0571,R2,^(BC),TCATATCCGTTGTCC,Antibody Capture
IgG_Fc,IgG_Fc_A0375,R2,^(BC),CTGGAGCGATTAGAA,Antibody Capture
IgM,IgM_A0136,R2,^(BC),TAGCGAGCCCGTATA,Antibody Capture
IgM,IgM_A0450,R2,^(BC),AGCTACGCATTCAAT,Antibody Capture
IL-10,IL-10_A0220,R2,^(BC),ACCTTCCTTCCCTGT,Antibody Capture
integrin_β7,integrin_β7_A0214,R2,^(BC),TCCTTGGATGTACCG,Antibody Capture
IRF4,IRF4_A0249,R2,^(BC),GGATTTGTATCTCCC,Antibody Capture
KCC2,KCC2_A0438,R2,^(BC),GAGCTTGTACCGCTT,Antibody Capture
KLRG1,KLRG1_A0153,R2,^(BC),CTTATTTCCTGCCCT,Antibody Capture
KLRG1,KLRG1_A0250,R2,^(BC),GTAGTAGGCTAGACC,Antibody Capture
LOX-1,LOX-1_A0591,R2,^(BC),ACCCTTTACCGAATA,Antibody Capture
Ly-6A_E,Ly-6A_E_A0130,R2,^(BC),TTCCTTTCCTACGCA,Antibody Capture
Ly-6C,Ly-6C_A0013,R2,^(BC),AAGTCGTGAGGCATG,Antibody Capture
Ly-6D,Ly-6D_A0589,R2,^(BC),ATGTCCTACCTCAAA,Antibody Capture
Ly-6G,Ly-6G_A0015,R2,^(BC),ACATTGACGCAACTA,Antibody Capture
Ly-6G_Ly-6C,Ly-6G_Ly-6C_A0116,R2,^(BC),TAGTGTATGGACACG,Antibody Capture
MAdCAM-1,MAdCAM-1_A0232,R2,^(BC),TTGGGCGATTAAGAA,Antibody Capture
mast_cell_tryptase,mast_cell_tryptase_A0580,R2,^(BC),ACTGATAGACCCGCT,Antibody Capture
MERTK,MERTK_A0423,R2,^(BC),TCCTGCATGTACCCA,Antibody Capture
MERTK,MERTK_A0565,R2,^(BC),AGTAGAGCAACTCGT,Antibody Capture
Mouse_IgG1_κ_isotype_Ctrl,Mouse_IgG1_κ_isotype_Ctrl_A0090,R2,^(BC),GCCGGACGACATTAA,Antibody Capture
Mouse_IgG2a_κ_isotype_Ctrl,Mouse_IgG2a_κ_isotype_Ctrl_A0091,R2,^(BC),CTCCTACCTAAACTG,Antibody Capture
Mouse_IgG2b_κ_isotype_Ctrl,Mouse_IgG2b_κ_isotype_Ctrl_A0092,R2,^(BC),ATATGTATCACGCGA,Antibody Capture
NK-1.1,NK-1.1_A0118,R2,^(BC),GTAACATTACTCGTC,Antibody Capture
Notch_1,Notch_1_A0213,R2,^(BC),AATCTGTAGTGCGTT,Antibody Capture
Notch_1,Notch_1_A0442,R2,^(BC),TCCGGTCACTCAGTA,Antibody Capture
Notch_3,Notch_3_A0233,R2,^(BC),CTATTGGACGTATCT,Antibody Capture
P2RY12,P2RY12_A0415,R2,^(BC),TTGCTTATTTCCGCA,Antibody Capture
Panendothelial_Cell_Antigen,Panendothelial_Cell_Antigen_A0381,R2,^(BC),CGTCCTAGTCATTGG,Antibody Capture
Podoplanin,Podoplanin_A0127,R2,^(BC),GGTTACTCGTTGTGT,Antibody Capture
rat_CD90_mouse_CD90.1,rat_CD90_mouse_CD90.1_A0380,R2,^(BC),AGTATGGGATGCAAT,Antibody Capture
Rat_IgG1_κ_isotype_Ctrl,Rat_IgG1_κ_isotype_Ctrl_A0236,R2,^(BC),ATCAGATGCCCTCAT,Antibody Capture
Rat_IgG1_λ_Isotype_Ctrl,Rat_IgG1_λ_Isotype_Ctrl_A0237,R2,^(BC),GGGAGCGATTCAACT,Antibody Capture
Rat_IgG2a_κ_Isotype_Ctrl,Rat_IgG2a_κ_Isotype_Ctrl_A0238,R2,^(BC),AAGTCAGGTTCGTTT,Antibody Capture
Rat_IgG2b_κ_isotype_Ctrl,Rat_IgG2b_κ_isotype_Ctrl_A0095,R2,^(BC),GATTCTTGACGACCT,Antibody Capture
Rat_IgG2c_κ_Isotype_Ctrl,Rat_IgG2c_κ_Isotype_Ctrl_A0240,R2,^(BC),TCCAGGCTAGTCATT,Antibody Capture
Siglec_H,Siglec_H_A0119,R2,^(BC),CCGCACCTACATTAG,Antibody Capture
Siglec-8,Siglec-8_A0199,R2,^(BC),CTTCTCCTCAGCAAT,Antibody Capture
TCR_Vα24-Jα18,TCR_Vα24-Jα18_A0584,R2,^(BC),AACTTCTGTGGTAGC,Antibody Capture
TCR_Vα7.2,TCR_Vα7.2_A0581,R2,^(BC),TACGAGCAGTATTCA,Antibody Capture
TCR_Vβ5.1_5.2,TCR_Vβ5.1_5.2_A0354,R2,^(BC),CTCAACAGTATTCTG,Antibody Capture
TCR_Vβ8.1_8.2,TCR_Vβ8.1_8.2_A0235,R2,^(BC),ACTATCCGTTGTGCT,Antibody Capture
TCR_Vγ1.1_Cr4,TCR_Vγ1.1_Cr4_A0209,R2,^(BC),TCGTTTAACCAGCCT,Antibody Capture
TCR_Vγ2,TCR_Vγ2_A0211,R2,^(BC),AAGCTGCACCGTAAT,Antibody Capture
TCR_Vγ3,TCR_Vγ3_A0210,R2,^(BC),TCGTGGTCCCTTTCT,Antibody Capture
TCR_Vγ9,TCR_Vγ9_A0583,R2,^(BC),AAGTGATGGTATCTG,Antibody Capture
TCR_Vδ2,TCR_Vδ2_A0582,R2,^(BC),TCAGTCAGATGGTAT,Antibody Capture
TCR_α_β,TCR_α_β_A0224,R2,^(BC),CGTAACGTAGAGCGA,Antibody Capture
TCR_β_chain,TCR_β_chain_A0120,R2,^(BC),TCCTATGGGACTCAG,Antibody Capture
TCR_γ_δ,TCR_γ_δ_A0121,R2,^(BC),AACCCAAATAGCTGA,Antibody Capture
TCR_γ_δ,TCR_γ_δ_A0139,R2,^(BC),CTTCCGATTCATTCA,Antibody Capture
TER-119_Erythroid_Cells,TER-119_Erythroid_Cells_A0122,R2,^(BC),GCGCGTTTGTGCTAT,Antibody Capture
TIGIT,TIGIT_A0089,R2,^(BC),TTGCTTACCGCCAGA,Antibody Capture
TIM-4,TIM-4_A0428,R2,^(BC),CGTCATATAGTATGG,Antibody Capture
Tim-4,Tim-4_A0567,R2,^(BC),TGCTGGAGGGTATTC,Antibody Capture
TSLPR,TSLPR_A0387,R2,^(BC),CAGTCCTCTCTGTCA,Antibody Capture
XCR1,XCR1_A0208,R2,^(BC),AAGACGCATGTCAAC,Antibody Capture
XCR1,XCR1_A0568,R2,^(BC),TCCATTACCCACGTT,Antibody Capture
β2-microglobulin,β2-microglobulin_A0057,R2,^(BC),CAGCCCGATTAAGGT,Antibody Capture
CD80,CD80_B0005,R2,^(BC),ACGAATCAATCTGTG,Antibody Capture
CD86,CD86_B0006,R2,^(BC),GTCTTTGTCAGTGCA,Antibody Capture
CD274,CD274_B0007,R2,^(BC),GTTGTCCGACAATAC,Antibody Capture
CD3,CD3_B0034,R2,^(BC),CTCATTGTAACTCCT,Antibody Capture
CD19,CD19_B0050,R2,^(BC),CTGGGCAATTACTCG,Antibody Capture
CD34,CD34_B0054,R2,^(BC),GCAGAAATCTCCCTT,Antibody Capture
CD45RA,CD45RA_B0063,R2,^(BC),TCAATCCTTCCGCTT,Antibody Capture
CD4,CD4_B0072,R2,^(BC),TGTTCCCGCTCAACT,Antibody Capture
CD8a,CD8a_B0080,R2,^(BC),GCTGCGCTTTCCATT,Antibody Capture
CD14,CD14_B0081,R2,^(BC),TCTCAGACCTCCGTA,Antibody Capture
CD16,CD16_B0083,R2,^(BC),AAGTTCACTCTTTGC,Antibody Capture
CD56Recombinant,CD56Recombinant_B0084,R2,^(BC),TTCGCCGCATTGAGT,Antibody Capture
CD25,CD25_B0085,R2,^(BC),TTTGTCCTGTACGCC,Antibody Capture
CD279,CD279_B0088,R2,^(BC),ACAGCGCCGTATTTA,Antibody Capture
TIGIT,TIGIT_B0089,R2,^(BC),TTGCTTACCGCCAGA,Antibody Capture
Mouse_IgG1_κ_isotype_Ctrl,Mouse_IgG1_κ_isotype_Ctrl_B0090,R2,^(BC),GCCGGACGACATTAA,Antibody Capture
Mouse_IgG2a_κ_isotype_Ctrl,Mouse_IgG2a_κ_isotype_Ctrl_B0091,R2,^(BC),CTCCTACCTAAACTG,Antibody Capture
Mouse_IgG2b_κ_isotype_Ctrl,Mouse_IgG2b_κ_isotype_Ctrl_B0092,R2,^(BC),ATATGTATCACGCGA,Antibody Capture
CD20,CD20_B0100,R2,^(BC),TTCTGGGTCCCTAGA,Antibody Capture
CD335,CD335_B0101,R2,^(BC),ACAATTTGAACAGCG,Antibody Capture
CD69,CD69_B0146,R2,^(BC),GTCTCTTGGCTTAAA,Antibody Capture
CD62L,CD62L_B0147,R2,^(BC),GTCCCTGCAACTTGA,Antibody Capture
CD197,CD197_B0148,R2,^(BC),AGTTCAGTCAACCGA,Antibody Capture
CD27,CD27_B0154,R2,^(BC),GCACTCCTGCATGTA,Antibody Capture
HLA-DR,HLA-DR_B0159,R2,^(BC),AATAGCGAGCAAGTA,Antibody Capture
CD11b,CD11b_B0161,R2,^(BC),GACAAGTGATCTGCA,Antibody Capture
CD278,CD278_B0171,R2,^(BC),CGCGCACCCATTAAA,Antibody Capture
CD137,CD137_B0355,R2,^(BC),CAGTAAGTTCGGGAC,Antibody Capture
CD28,CD28_B0386,R2,^(BC),TGAGAACGACCCTAA,Antibody Capture
CD127,CD127_B0390,R2,^(BC),GTGTGTTGTCCTATG,Antibody Capture
CD45,CD45_B0391,R2,^(BC),TGCAATTACCCGGAT,Antibody Capture
CD45RO,CD45RO_B0087,R2,^(BC),CTCCGAATCATGTTG,Antibody Capture
CD15,CD15_B0392,R2,^(BC),TCACCAGTACCTAGT,Antibody Capture
CD80,CD80_C0005,R2,^(BC),ACGAATCAATCTGTG,Antibody Capture
CD86,CD86_C0006,R2,^(BC),GTCTTTGTCAGTGCA,Antibody Capture
CD274,CD274_C0007,R2,^(BC),GTTGTCCGACAATAC,Antibody Capture
CD273,CD273_C0008,R2,^(BC),TCAACGCTTGGCTAG,Antibody Capture
CD275,CD275_C0009,R2,^(BC),GTGCATTCAACAGTA,Antibody Capture
CD270,CD270_C0020,R2,^(BC),TGATAGAAACAGACC,Antibody Capture
CD47,CD47_C0026,R2,^(BC),GCATTCTGTCACCTA,Antibody Capture
CD70,CD70_C0027,R2,^(BC),CGCGAACATAAGAAG,Antibody Capture
CD30,CD30_C0028,R2,^(BC),TCAGGGTGTGCTGTA,Antibody Capture
CD48,CD48_C0029,R2,^(BC),CTACGACGTAGAAGA,Antibody Capture
CD277,CD277_C0030,R2,^(BC),TACTTCTGGAGCCAG,Antibody Capture
CD40,CD40_C0031,R2,^(BC),CTCAGATGGAGTATG,Antibody Capture
CD154,CD154_C0032,R2,^(BC),GCTAGATAGATGCAA,Antibody Capture
CD52,CD52_C0033,R2,^(BC),CTTTGTACGAGCAAA,Antibody Capture
CD3,CD3_C0034,R2,^(BC),CTCATTGTAACTCCT,Antibody Capture
CD4,CD4_C0045,R2,^(BC),GAGGTTAGTGATGGA,Antibody Capture
CD8,CD8_C0046,R2,^(BC),GCGCAACTTGATGAT,Antibody Capture
CD56,CD56_C0047,R2,^(BC),TCCTTTCCTGATAGG,Antibody Capture
CD45,CD45_C0048,R2,^(BC),TCCCTTGCGATTTAC,Antibody Capture
CD3,CD3_C0049,R2,^(BC),TATCCCTTGGGATGG,Antibody Capture
CD19,CD19_C0050,R2,^(BC),CTGGGCAATTACTCG,Antibody Capture
CD14,CD14_C0051,R2,^(BC),CAATCAGACCTATGA,Antibody Capture
CD33,CD33_C0052,R2,^(BC),TAACTCAGGGCCTAT,Antibody Capture
CD11c,CD11c_C0053,R2,^(BC),TACGCCTATAACTTG,Antibody Capture
CD34,CD34_C0054,R2,^(BC),GCAGAAATCTCCCTT,Antibody Capture
CD138,CD138_C0055,R2,^(BC),ACTCTTTCGTTTACG,Antibody Capture
CD269,CD269_C0056,R2,^(BC),CAGATGATCCACCAT,Antibody Capture
β2-microglobulin,β2-microglobulin_C0057,R2,^(BC),CAGCCCGATTAAGGT,Antibody Capture
HLA-A_B_C,HLA-A_B_C_C0058,R2,^(BC),TATGCGAGGCTTATC,Antibody Capture
CD90,CD90_C0060,R2,^(BC),GCATTGTACGATTCA,Antibody Capture
CD117,CD117_C0061,R2,^(BC),AGACTAATAGCTGAC,Antibody Capture
CD10,CD10_C0062,R2,^(BC),CAGCCATTCATTAGG,Antibody Capture
CD45RA,CD45RA_C0063,R2,^(BC),TCAATCCTTCCGCTT,Antibody Capture
CD123,CD123_C0064,R2,^(BC),CTTCACTCTGTCAGG,Antibody Capture
CD7,CD7_C0066,R2,^(BC),TGGATTCCCGGACTT,Antibody Capture
CD49f,CD49f_C0070,R2,^(BC),TTCCGAGGATGATCT,Antibody Capture
CD194,CD194_C0071,R2,^(BC),AGCTTACCTGCACGA,Antibody Capture
CD4,CD4_C0072,R2,^(BC),TGTTCCCGCTCAACT,Antibody Capture
CD8a,CD8a_C0080,R2,^(BC),GCTGCGCTTTCCATT,Antibody Capture
CD14,CD14_C0081,R2,^(BC),TCTCAGACCTCCGTA,Antibody Capture
CD16,CD16_C0083,R2,^(BC),AAGTTCACTCTTTGC,Antibody Capture
CD56Recombinant,CD56Recombinant_C0084,R2,^(BC),TTCGCCGCATTGAGT,Antibody Capture
CD25,CD25_C0085,R2,^(BC),TTTGTCCTGTACGCC,Antibody Capture
CD45RO,CD45RO_C0087,R2,^(BC),CTCCGAATCATGTTG,Antibody Capture
CD279,CD279_C0088,R2,^(BC),ACAGCGCCGTATTTA,Antibody Capture
TIGIT,TIGIT_C0089,R2,^(BC),TTGCTTACCGCCAGA,Antibody Capture
Mouse_IgG1_κ_isotype_Ctrl,Mouse_IgG1_κ_isotype_Ctrl_C0090,R2,^(BC),GCCGGACGACATTAA,Antibody Capture
Mouse_IgG2a_κ_isotype_Ctrl,Mouse_IgG2a_κ_isotype_Ctrl_C0091,R2,^(BC),CTCCTACCTAAACTG,Antibody Capture
Mouse_IgG2b_κ_isotype_Ctrl,Mouse_IgG2b_κ_isotype_Ctrl_C0092,R2,^(BC),ATATGTATCACGCGA,Antibody Capture
Rat_IgG2b_κ_Isotype_Ctrl,Rat_IgG2b_κ_Isotype_Ctrl_C0095,R2,^(BC),GATTCTTGACGACCT,Antibody Capture
CD20,CD20_C0100,R2,^(BC),TTCTGGGTCCCTAGA,Antibody Capture
CD335,CD335_C0101,R2,^(BC),ACAATTTGAACAGCG,Antibody Capture
CD294,CD294_C0102,R2,^(BC),TGTTTACGAGAGCCC,Antibody Capture
CD326,CD326_C0123,R2,^(BC),TTCCGAGCAAGTATC,Antibody Capture
CD31,CD31_C0124,R2,^(BC),ACCTTTATGCCACGG,Antibody Capture
CD44,CD44_C0125,R2,^(BC),AATCCTTCCGAATGT,Antibody Capture
Podoplanin,Podoplanin_C0127,R2,^(BC),GGTTACTCGTTGTGT,Antibody Capture
CD146,CD146_C0134,R2,^(BC),CCTTGGATAACATCA,Antibody Capture
IgM,IgM_C0136,R2,^(BC),TAGCGAGCCCGTATA,Antibody Capture
CD5,CD5_C0138,R2,^(BC),CATTAACGGGATGCC,Antibody Capture
CD183,CD183_C0140,R2,^(BC),GCGATGGTAGATTAT,Antibody Capture
CD195,CD195_C0141,R2,^(BC),CCAAAGTAAGAGCCA,Antibody Capture
CD32,CD32_C0142,R2,^(BC),GCTTCCGAATTACCG,Antibody Capture
CD196,CD196_C0143,R2,^(BC),GATCCCTTTGTCACT,Antibody Capture
CD185,CD185_C0144,R2,^(BC),AATTCAACCGTCGCC,Antibody Capture
CD103,CD103_C0145,R2,^(BC),GACCTCATTGTGAAT,Antibody Capture
CD69,CD69_C0146,R2,^(BC),GTCTCTTGGCTTAAA,Antibody Capture
CD62L,CD62L_C0147,R2,^(BC),GTCCCTGCAACTTGA,Antibody Capture
CD197,CD197_C0148,R2,^(BC),AGTTCAGTCAACCGA,Antibody Capture
CD161,CD161_C0149,R2,^(BC),GTACGCAGTCCTTCT,Antibody Capture
CD152,CD152_C0151,R2,^(BC),ATGGTTCACGTAATC,Antibody Capture
CD223,CD223_C0152,R2,^(BC),CATTTGTCTGCCGGT,Antibody Capture
KLRG1,KLRG1_C0153,R2,^(BC),CTTATTTCCTGCCCT,Antibody Capture
CD27,CD27_C0154,R2,^(BC),GCACTCCTGCATGTA,Antibody Capture
CD107a,CD107a_C0155,R2,^(BC),CAGCCCACTGCAATA,Antibody Capture
CD95,CD95_C0156,R2,^(BC),CCAGCTCATTAGAGC,Antibody Capture
CD134,CD134_C0158,R2,^(BC),AACCCACCGTTGTTA,Antibody Capture
HLA-DR,HLA-DR_C0159,R2,^(BC),AATAGCGAGCAAGTA,Antibody Capture
CD1c,CD1c_C0160,R2,^(BC),GAGCTACTTCACTCG,Antibody Capture
CD11b,CD11b_C0161,R2,^(BC),GACAAGTGATCTGCA,Antibody Capture
CD64,CD64_C0162,R2,^(BC),AAGTATGCCCTACGA,Antibody Capture
CD141,CD141_C0163,R2,^(BC),GGATAACCGCGCTTT,Antibody Capture
CD1d,CD1d_C0164,R2,^(BC),TCGAGTCGCTTATCA,Antibody Capture
CD314,CD314_C0165,R2,^(BC),CGTGTTTGTTCCTCA,Antibody Capture
CD66b,CD66b_C0166,R2,^(BC),AGCTGTAAGTTTCGG,Antibody Capture
CD35,CD35_C0167,R2,^(BC),ACTTCCGTCGATCTT,Antibody Capture
CD57_Recombinant,CD57_Recombinant_C0168,R2,^(BC),AACTCCCTATGGAGG,Antibody Capture
CD366,CD366_C0169,R2,^(BC),TGTCCTACCCAACTT,Antibody Capture
CD272,CD272_C0170,R2,^(BC),GTTATTGGACTAAGG,Antibody Capture
CD278,CD278_C0171,R2,^(BC),CGCGCACCCATTAAA,Antibody Capture
CD58,CD58_C0174,R2,^(BC),GTTCCTATGGACGAC,Antibody Capture
CD96,CD96_C0175,R2,^(BC),TGGCCTATAAATGGT,Antibody Capture
CD39,CD39_C0176,R2,^(BC),TTACCTGGTATCCGT,Antibody Capture
CD178,CD178_C0177,R2,^(BC),CCGGTCCTCTGTATT,Antibody Capture
CX3CR1,CX3CR1_C0179,R2,^(BC),AGTATCGTCTCTGGG,Antibody Capture
CD24,CD24_C0180,R2,^(BC),AGATTCCTTCGTGTT,Antibody Capture
CD21,CD21_C0181,R2,^(BC),AACCTAGTAGTTCGG,Antibody Capture
CD11a,CD11a_C0185,R2,^(BC),TATATCCTTGTGAGC,Antibody Capture
CD79b,CD79b_C0187,R2,^(BC),ATTCTTCAACCGAAG,Antibody Capture
CD66a_c_e,CD66a_c_e_C0188,R2,^(BC),GGGACAGTTCGTTTC,Antibody Capture
CD244,CD244_C0189,R2,^(BC),TCGCTTGGATGGTAG,Antibody Capture
CD235ab,CD235ab_C0196,R2,^(BC),GCTCCTTTACACGTA,Antibody Capture
integrin_β7,integrin_β7_C0214,R2,^(BC),TCCTTGGATGTACCG,Antibody Capture
CD54,CD54_C0217,R2,^(BC),CTGATAGACTTGAGT,Antibody Capture
TCR_α_β,TCR_α_β_C0224,R2,^(BC),CGTAACGTAGAGCGA,Antibody Capture
KLRG1,KLRG1_C0250,R2,^(BC),GTAGTAGGCTAGACC,Antibody Capture
FcεRIα,FcεRIα_C0352,R2,^(BC),CTCGTTTCCGTATCG,Antibody Capture
CD137,CD137_C0355,R2,^(BC),CAGTAAGTTCGGGAC,Antibody Capture
CD254,CD254_C0356,R2,^(BC),TCCGTGTTAGTTTGT,Antibody Capture
CD83,CD83_C0359,R2,^(BC),CCACTCATTTCCGGT,Antibody Capture
CD357,CD357_C0360,R2,^(BC),ACCTTTCGACACTCG,Antibody Capture
CD124,CD124_C0363,R2,^(BC),CCGTCCTGATAGATG,Antibody Capture
CD13,CD13_C0364,R2,^(BC),TTTCAACGCCCTTTC,Antibody Capture
CD184,CD184_C0366,R2,^(BC),TCAGGTCCTTTCAAC,Antibody Capture
CD2,CD2_C0367,R2,^(BC),TACGATTTGTCAGGG,Antibody Capture
CD226,CD226_C0368,R2,^(BC),TCTCAGTGTTTGTGG,Antibody Capture
CD29,CD29_C0369,R2,^(BC),GTATTCCCTCAGTCA,Antibody Capture
CD49b,CD49b_C0371,R2,^(BC),GCTTTCTTCAGTATG,Antibody Capture
CD81,CD81_C0373,R2,^(BC),GTATCCTTCCTTGGC,Antibody Capture
CD98,CD98_C0374,R2,^(BC),GCACCAACAGCCATT,Antibody Capture
IgG_Fc,IgG_Fc_C0375,R2,^(BC),CTGGAGCGATTAGAA,Antibody Capture
IgD,IgD_C0384,R2,^(BC),CAGTCTCCGTAGAGT,Antibody Capture
CD18,CD18_C0385,R2,^(BC),TATTGGGACACTTCT,Antibody Capture
CD28,CD28_C0386,R2,^(BC),TGAGAACGACCCTAA,Antibody Capture
TSLPR,TSLPR_C0387,R2,^(BC),CAGTCCTCTCTGTCA,Antibody Capture
CD38,CD38_C0389,R2,^(BC),TGTACCCGCTTGTGA,Antibody Capture
CD127,CD127_C0390,R2,^(BC),GTGTGTTGTCCTATG,Antibody Capture
CD45,CD45_C0391,R2,^(BC),TGCAATTACCCGGAT,Antibody Capture
CD15,CD15_C0392,R2,^(BC),TCACCAGTACCTAGT,Antibody Capture
CD22,CD22_C0393,R2,^(BC),GGGTTGTTGTCTTTG,Antibody Capture
CD71,CD71_C0394,R2,^(BC),CCGTGTTCCTCATTA,Antibody Capture
B7-H4,B7-H4_C0395,R2,^(BC),TGTATGTCTGCCTTG,Antibody Capture
CD26,CD26_C0396,R2,^(BC),GGTGGCTAGATAATG,Antibody Capture
CD36,CD36_C0407,R2,^(BC),TTCTTTGCCTTGCCA,Antibody Capture
CD73,CD73_C0577,R2,^(BC),CAGTTCCTCAGTTCG,Antibody Capture
TCR_Vδ2,TCR_Vδ2_C0582,R2,^(BC),TCAGTCAGATGGTAT,Antibody Capture
CD133,CD133_C0594,R2,^(BC),GTAAGACGCCTATGC,Antibody Capture
CD337,CD337_C0801,R2,^(BC),AAAGTCACTCTGCCG,Antibody Capture
CD336,CD336_C0802,R2,^(BC),GGGCAATTAGCGAGT,Antibody Capture
Biotin_Hashtag_1,Biotin_Hashtag_1_A0266,R2,^(BC),GGTAGTCATCGTGGT,Antibody Capture
Biotin_Hashtag_10,Biotin_Hashtag_10_A0275,R2,^(BC),AAGAACGACCTCCTT,Antibody Capture
Biotin_Hashtag_2,Biotin_Hashtag_2_A0267,R2,^(BC),GTCCGTATTCTGTCA,Antibody Capture
Biotin_Hashtag_3,Biotin_Hashtag_3_A0268,R2,^(BC),TCCCTTTATGCGAGG,Antibody Capture
Biotin_Hashtag_4,Biotin_Hashtag_4_A0269,R2,^(BC),AAAGCATGACCAGTA,Antibody Capture
Biotin_Hashtag_5,Biotin_Hashtag_5_A0270,R2,^(BC),TACAGTCGCTTGGCA,Antibody Capture
Biotin_Hashtag_6,Biotin_Hashtag_6_A0271,R2,^(BC),CTCTCCCTTTGTAGT,Antibody Capture
Biotin_Hashtag_7,Biotin_Hashtag_7_A0272,R2,^(BC),GGGCTTATCATTAAG,Antibody Capture
Biotin_Hashtag_9,Biotin_Hashtag_9_A0274,R2,^(BC),TGGAGTATCACCAAT,Antibody Capture
mouse_Hashtag_1,mouse_Hashtag_1_A0301,R2,^(BC),ACCCACCAGTAAGAC,Antibody Capture
mouse_Hashtag_10,mouse_Hashtag_10_A0310,R2,^(BC),CCGATTGTAACAGAC,Antibody Capture
mouse_Hashtag_11,mouse_Hashtag_11_A0311,R2,^(BC),GCTTACCGAATTAAC,Antibody Capture
mouse_Hashtag_12,mouse_Hashtag_12_A0312,R2,^(BC),CTGCAAATATAACGG,Antibody Capture
mouse_Hashtag_13,mouse_Hashtag_13_A0313,R2,^(BC),CTACATTGCGATTTG,Antibody Capture
mouse_Hashtag_14,mouse_Hashtag_14_A0314,R2,^(BC),CTTTCGCCAACTCTG,Antibody Capture
mouse_Hashtag_15,mouse_Hashtag_15_A0315,R2,^(BC),CCCTCTCTGGATTCT,Antibody Capture
mouse_Hashtag_2,mouse_Hashtag_2_A0302,R2,^(BC),GGTCGAGAGCATTCA,Antibody Capture
mouse_Hashtag_3,mouse_Hashtag_3_A0303,R2,^(BC),CTTGCCGCATGTCAT,Antibody Capture
mouse_Hashtag_4,mouse_Hashtag_4_A0304,R2,^(BC),AAAGCATTCTTCACG,Antibody Capture
mouse_Hashtag_5,mouse_Hashtag_5_A0305,R2,^(BC),CTTTGTCTTTGTGAG,Antibody Capture
mouse_Hashtag_6,mouse_Hashtag_6_A0306,R2,^(BC),TATGCTGCCACGGTA,Antibody Capture
mouse_Hashtag_7,mouse_Hashtag_7_A0307,R2,^(BC),GAGTCTGCCAGTATC,Antibody Capture
mouse_Hashtag_8,mouse_Hashtag_8_A0308,R2,^(BC),TATAGAACGCCAGGC,Antibody Capture
mouse_Hashtag_9,mouse_Hashtag_9_A0309,R2,^(BC),TGCCTATGAAACAAG,Antibody Capture
human_Hashtag_1,human_Hashtag_1_A0251,R2,^(BC),GTCAACTCTTTAGCG,Antibody Capture
human_Hashtag_10,human_Hashtag_10_A0260,R2,^(BC),ATTGACCCGCGTTAG,Antibody Capture
human_Hashtag_12,human_Hashtag_12_A0262,R2,^(BC),TAACGACCAGCCATA,Antibody Capture
human_Hashtag_13,human_Hashtag_13_A0263,R2,^(BC),AAATCTCTCAGGCTC,Antibody Capture
human_Hashtag_14,human_Hashtag_14_A0264,R2,^(BC),CTGTATGTCCGATTG,Antibody Capture
human_Hashtag_15,human_Hashtag_15_A0265,R2,^(BC),TAAGATTCAGAGCGA,Antibody Capture
human_Hashtag_2,human_Hashtag_2_A0252,R2,^(BC),TGATGGCCTATTGGG,Antibody Capture
human_Hashtag_3,human_Hashtag_3_A0253,R2,^(BC),TTCCGCCTCTCTTTG,Antibody Capture
human_Hashtag_4,human_Hashtag_4_A0254,R2,^(BC),AGTAAGTTCAGCGTA,Antibody Capture
human_Hashtag_5,human_Hashtag_5_A0255,R2,^(BC),AAGTATCGTTTCGCA,Antibody Capture
human_Hashtag_6,human_Hashtag_6_A0256,R2,^(BC),GGTTGCCAGATGTCA,Antibody Capture
human_Hashtag_7,human_Hashtag_7_A0257,R2,^(BC),TGTCTTTCCTGCCAG,Antibody Capture
human_Hashtag_8,human_Hashtag_8_A0258,R2,^(BC),CTCCTCTGCAATTAC,Antibody Capture
human_Hashtag_9,human_Hashtag_9_A0259,R2,^(BC),CAGTAGTCACGGTCA,Antibody Capture
human_Hashtag_1,human_Hashtag_1_C0251,R2,^(BC),GTCAACTCTTTAGCG,Antibody Capture
human_Hashtag_2,human_Hashtag_2_C0252,R2,^(BC),TGATGGCCTATTGGG,Antibody Capture
human_Hashtag_3,human_Hashtag_3_C0253,R2,^(BC),TTCCGCCTCTCTTTG,Antibody Capture
human_Hashtag_4,human_Hashtag_4_C0254,R2,^(BC),AGTAAGTTCAGCGTA,Antibody Capture
human_Hashtag_5,human_Hashtag_5_C0255,R2,^(BC),AAGTATCGTTTCGCA,Antibody Capture
mouse_Hashtag_1,mouse_Hashtag_1_C0301,R2,^(BC),ACCCACCAGTAAGAC,Antibody Capture
mouse_Hashtag_2,mouse_Hashtag_2_C0302,R2,^(BC),GGTCGAGAGCATTCA,Antibody Capture
mouse_Hashtag_3,mouse_Hashtag_3_C0303,R2,^(BC),CTTGCCGCATGTCAT,Antibody Capture
mouse_Hashtag_4,mouse_Hashtag_4_C0304,R2,^(BC),AAAGCATTCTTCACG,Antibody Capture
mouse_Hashtag_5,mouse_Hashtag_5_C0305,R2,^(BC),CTTTGTCTTTGTGAG,Antibody Capture
